,v,s,beta,alpha,d
0,0,0,0.0,0.0,0.0
1,0,1,0.0,0.0,0.0
2,0,2,0.0,0.0,0.0
3,0,3,1.0,0.0,2.7467890962610797
4,1,0,0.0,0.0,0.0
5,1,1,0.0,0.0,0.0
6,1,2,0.0,0.0,0.0
7,1,3,1.0,0.0,17.17659447924183
8,2,0,0.0,0.0,0.0
9,2,1,0.0,0.0,0.0
10,2,2,0.0,0.0,0.0
11,2,3,1.0,0.0,13.171527947213393
12,3,0,0.0,0.0,0.0
13,3,1,0.0,0.0,0.0
14,3,2,0.0,0.0,0.0
15,3,3,1.0,0.0,12.416676791084043
